melatonin,stjohnswort,anxiety,older
melatonin,valerian,anxiety,viagra
melatonin,echinacea,anxiety,cat
melatonin,stjohnswort,infection,sharing
melatonin,valerian,infection,afraid
melatonin,echinacea,infection,beating
melatonin,stjohnswort,headache,without
melatonin,valerian,headache,without
melatonin,echinacea,headache,anyway
melatonin,stjohnswort,nausea,anything
melatonin,valerian,nausea,afraid
melatonin,echinacea,nausea,took
melatonin,stjohnswort,nightmare,without
melatonin,valerian,nightmare,afraid
melatonin,echinacea,nightmare,ran
melatonin,stjohnswort,pain,keyboard
melatonin,valerian,pain,essay
melatonin,echinacea,pain,essay
melatonin,stjohnswort,migraine,own
melatonin,valerian,migraine,afraid
melatonin,echinacea,migraine,magnesium
melatonin,stjohnswort,insomnia,decisions
melatonin,valerian,insomnia,horse
melatonin,echinacea,insomnia,magnesium
