tramadol,xanax,chronic_pain,drape
tramadol,morphine,chronic_pain,babling
tramadol,valium,chronic_pain,task
tramadol,ambien,chronic_pain,lelia86
tramadol,prozac,chronic_pain,twirls
tramadol,vicodin,chronic_pain,tylex_painkillers
tramadol,percocet,chronic_pain,coldstone
tramadol,promethazine,chronic_pain,rolltide
tramadol,xanax,osteoarthritis,omission
tramadol,morphine,osteoarthritis,wrote_page_paper
tramadol,valium,osteoarthritis,bandcamp
tramadol,ambien,osteoarthritis,buffered
tramadol,prozac,osteoarthritis,commercially_available
tramadol,vicodin,osteoarthritis,celexas
tramadol,percocet,osteoarthritis,bandcamp
tramadol,promethazine,osteoarthritis,takethecrown
tramadol,xanax,pain,lantus_apidra_humulin_novolog
tramadol,morphine,pain,bersalah
tramadol,valium,pain,lantus_apidra_humulin_novolog
tramadol,ambien,pain,buffered
tramadol,prozac,pain,preserving
tramadol,vicodin,pain,ritmo
tramadol,percocet,pain,anti_clotting
tramadol,promethazine,pain,dangers
